iso3,annee,z_conflits,lag_z,cluster
AGO,1996,0.09688447700200346,-0.06764322896351785,NS
BDI,1996,3.8705003732988144,0.42276616619628876,NS
BEN,1996,-0.45632967972140986,-0.43039266709565743,NS
BFA,1996,-0.45632967972140986,-0.42820404882290336,NS
BWA,1996,-0.45632967972140986,-0.3506432893178096,NS
CAF,1996,-0.45632967972140986,-0.09658849949010609,NS
CIV,1996,-0.3778676884017394,0.08583756773119702,NS
CMR,1996,-0.38847128982590123,-0.3988356414889885,NS
COD,1996,0.7077278589861955,0.4256239127449421,NS
COG,1996,-0.24658793811101493,-0.09930366265610441,NS
DJI,1996,-0.45632967972140986,-0.3057126312106345,NS
ERI,1996,-0.18078454448880552,-0.24942563251782066,NS
ETH,1996,-0.4306407179324635,0.11263460204984978,NS
GAB,1996,-0.45632967972140986,-0.3637963025527753,NS
GHA,1996,-0.45632967972140986,-0.43017568261485306,NS
GIN,1996,-0.4170946638409863,0.6361538531644779,NS
GMB,1996,-0.2291927418618165,-0.38938810257317474,NS
GNB,1996,-0.45632967972140986,-0.40324138320708053,NS
GNQ,1996,-0.45632967972140986,-0.42240048477365555,NS
KEN,1996,-0.356971706906341,0.314472993630172,NS
LBR,1996,2.215271541661201,0.8288681251668916,NS
LSO,1996,-0.45632967972140986,-0.21453064082057657,NS
MDG,1996,-0.45632967972140986,0,NS
MLI,1996,-0.45632967972140986,-0.41050794998479356,NS
MOZ,1996,-0.45632967972140986,-0.4143800698357286,NS
MRT,1996,-0.45632967972140986,-0.4228588911472923,NS
MWI,1996,-0.45632967972140986,-0.45303013958365845,NS
NAM,1996,-0.2753831570078421,-0.29732704059656057,NS
NER,1996,-0.36603788565004103,-0.42928518216458317,NS
NGA,1996,-0.44287342328976903,-0.38635057589156735,NS
RWA,1996,1.0070016989108266,1.2625084687632724,HH
SDN,1996,0.13869350010041123,-0.3717296140466012,NS
SEN,1996,-0.38938810257317474,-0.4030552889734065,NS
SLE,1996,3.2815667277434004,0.8990884389101075,NS
SOM,1996,1.9875297230366538,-0.3938062124194023,NS
SSD,1996,-0.45632967972140986,0.08678599276710457,NS
SWZ,1996,-0.45632967972140986,-0.3354301602709932,NS
TCD,1996,-0.3345634483689172,-0.30300375567734206,NS
TGO,1996,-0.45632967972140986,-0.4563296797214098,NS
TZA,1996,-0.44643105930815574,0.5971882359001875,NS
UGA,1996,0.9182367020762351,0.09099942239222311,NS
ZAF,1996,-0.21453064082057657,-0.4261719259358152,NS
ZMB,1996,-0.45632967972140986,-0.21781507490167978,NS
ZWE,1996,-0.45632967972140986,-0.3717805673985297,NS
AGO,1997,0.12549394021044558,0.4634108409328186,NS
BDI,1997,3.5274367047704516,0.6824483214229963,NS
BEN,1997,-0.4602991360486669,-0.3979126037848615,NS
BFA,1997,-0.4602991360486669,-0.42219030054229667,NS
BWA,1997,-0.4602991360486669,-0.4309787705221446,NS
CAF,1997,-0.4602991360486669,0.33721310516595915,NS
CIV,1997,-0.4602991360486669,-0.39105589528642326,NS
CMR,1997,-0.4602991360486669,0.08968133323712055,NS
COD,1997,0.2525838276075698,0.7726616761220458,HH
COG,1997,2.5216578082210384,-0.20056392806559706,NS
DJI,1997,-0.4602991360486669,0.026564746667577604,NS
ERI,1997,0.49566261251879645,-0.18145015541808202,NS
ETH,1997,-0.44253311918364124,-0.011811897886768771,NS
GAB,1997,-0.4602991360486669,0.5336865120412349,NS
GHA,1997,-0.4602991360486669,-0.4602991360486669,NS
GIN,1997,-0.4602991360486669,0.3891445408873137,NS
GMB,1997,-0.4602991360486669,0.3500669805103626,NS
GNB,1997,-0.4602991360486669,-0.055116077769152144,NS
GNQ,1997,-0.4602991360486669,-0.4602991360486669,NS
KEN,1997,-0.35523950370124135,-0.12763109077180873,NS
LBR,1997,-0.13966307333038186,0.8530607776998784,NS
LSO,1997,-0.4602991360486669,-0.3430176739425778,NS
MDG,1997,-0.4602991360486669,0,NS
MLI,1997,-0.4347189949557336,-0.29139263796461407,NS
MOZ,1997,-0.4602991360486669,-0.4393103845210237,NS
MRT,1997,-0.4602991360486669,-0.04232600722268548,NS
MWI,1997,-0.4602991360486669,-0.45741545369541026,NS
NAM,1997,-0.4602991360486669,-0.3196842283756266,NS
NER,1997,-0.2572262641033793,-0.3915979335410764,NS
NGA,1997,-0.41382587893873307,-0.34166776447857367,NS
RWA,1997,2.246409225650316,0.9234688366925454,HH
SDN,1997,0.3584817889780621,-0.211263060095152,NS
SEN,1997,0.3500669805103626,-0.45518310783008026,NS
SLE,1997,3.479780605196969,-0.2999811046895244,NS
SOM,1997,0.35082198698110395,-0.3988863114424413,NS
SSD,1997,-0.4602991360486669,-0.04691720649447664,NS
SWZ,1997,-0.4602991360486669,-0.40165840499562233,NS
TCD,1997,-0.18884652171358143,-0.2466337252322768,NS
TGO,1997,-0.4602991360486669,-0.4602991360486669,NS
TZA,1997,-0.4516480889888972,0.5819744686952693,NS
UGA,1997,0.3655029033810578,0.2463612649038161,NS
ZAF,1997,-0.3430176739425778,-0.46029913604866685,NS
ZMB,1997,-0.4602991360486669,-0.2968832501767771,NS
ZWE,1997,-0.4602991360486669,-0.4368428436274491,NS
AGO,1998,0.8293650562792181,0.2803438624271405,NS
BDI,1998,2.12748654282127,0.18439876717570342,NS
BEN,1998,-0.4735211570511624,-0.40005066617096585,NS
BFA,1998,-0.4735211570511624,-0.4323236641289691,NS
BWA,1998,-0.4735211570511624,-0.43940359151252806,NS
CAF,1998,-0.4735211570511624,0.23791004194502813,NS
CIV,1998,-0.45923342051141086,-0.438553407875435,NS
CMR,1998,-0.40692747863106915,-0.006687307525579375,NS
COD,1998,0.058368302367594965,0.5105247087332982,NS
COG,1998,2.0100494614432916,-0.09324728681731619,NS
DJI,1998,-0.4735211570511624,-0.28066899127958167,NS
ERI,1998,-0.16567816861269566,-0.13753880884553987,NS
ETH,1998,-0.3956598139464677,-0.16767590059995846,NS
GAB,1998,-0.4735211570511624,0.37653360858702006,NS
GHA,1998,-0.4735211570511624,-0.4058112524489704,NS
GIN,1998,-0.38648380343611505,0.8864660508442952,LH
GMB,1998,-0.4735211570511624,0.20069015686049674,NS
GNB,1998,1.564210378710345,-0.09289682328780915,NS
GNQ,1998,-0.4735211570511624,-0.44022431784111576,NS
KEN,1998,-0.35263531450844304,-0.15728189776724283,NS
LBR,1998,-0.38571976478757275,1.3422176292991834,LH
LSO,1998,0.059820378694286525,-0.3575592382426014,NS
MDG,1998,-0.4735211570511624,0,NS
MLI,1998,-0.4735211570511624,-0.33692254908565544,NS
MOZ,1998,-0.4735211570511624,-0.45077611335873946,NS
MRT,1998,-0.4735211570511624,-0.13641550009533282,NS
MWI,1998,-0.4735211570511624,-0.4735211570511623,NS
NAM,1998,-0.4735211570511624,-0.18564986195417885,NS
NER,1998,-0.4294659133245787,-0.4100346613193537,NS
NGA,1998,-0.41253641452378437,-0.38174699248157673,NS
RWA,1998,0.9683491562106775,0.5664726195468948,NS
SDN,1998,0.4565645444610104,-0.345090743516197,NS
SEN,1998,0.20069015686049674,-0.048567379175851466,NS
SLE,1998,4.872370111845076,-0.3861017841118439,NS
SOM,1998,0.002735849162702152,-0.3741475642274554,NS
SSD,1998,-0.4735211570511624,-0.02555444143793187,NS
SWZ,1998,-0.4735211570511624,-0.4155401976468819,NS
TCD,1998,-0.21707342091949663,-0.2531772838139169,NS
TGO,1998,-0.2846791797843381,-0.4735211570511623,NS
TZA,1998,-0.4735211570511624,0.24182025072343613,NS
UGA,1998,0.5535567900498763,-0.05459203400649909,NS
ZAF,1998,-0.3575592382426014,-0.38121284386925813,NS
ZMB,1998,-0.4735211570511624,-0.24161065503927312,NS
ZWE,1998,-0.45301281370518615,-0.45032877328945026,NS
AGO,1999,2.026801355671508,0.4006981468763748,NS
BDI,1999,3.300408577808534,-0.1825612479973077,NS
BEN,1999,-0.4553936831140557,-0.43482701487541003,NS
BFA,1999,-0.4553936831140557,-0.4349357700780363,NS
BWA,1999,-0.4553936831140557,-0.3983900677055614,NS
CAF,1999,-0.38563126473894604,0.24419310422253418,NS
CIV,1999,-0.4249418339380975,-0.3710495799337217,NS
CMR,1999,-0.4553936831140557,0.046726666575290086,NS
COD,1999,0.3230373954478713,0.6227889980709894,NS
COG,1999,2.0461499244097725,0.21068402403046443,NS
DJI,1999,-0.4553936831140557,0.2359233671680734,NS
ERI,1999,0.7630777884219262,-0.2145405938875535,NS
ETH,1999,-0.2912310540857794,0.02899369871296968,NS
GAB,1999,-0.4553936831140557,0.37845418606055364,NS
GHA,1999,-0.4553936831140557,-0.4452430667220696,NS
GIN,1999,-0.39235557844131047,0.5033215317620824,NS
GMB,1999,-0.4553936831140557,-0.22217424233100044,NS
GNB,1999,0.1284696600715586,-0.30726491038615544,NS
GNQ,1999,-0.4553936831140557,-0.4553936831140557,NS
KEN,1999,-0.38539465037247855,-0.038233727920616134,NS
LBR,1999,-0.1890069009252883,1.0911277164632707,NS
LSO,1999,-0.4553936831140557,-0.3940518819092945,NS
MDG,1999,-0.4553936831140557,0,NS
MLI,1999,-0.36309805407389817,-0.40094211734209584,NS
MOZ,1999,-0.4553936831140557,-0.44013914171512714,NS
MRT,1999,-0.4553936831140557,-0.2926361482024493,NS
MWI,1999,-0.4553936831140557,-0.452758542902202,NS
NAM,1999,-0.3110010492380889,0.05776969019465915,NS
NER,1999,-0.4553936831140557,-0.34865134285859684,NS
NGA,1999,-0.3731270101594729,-0.3656063332934172,NS
RWA,1999,-0.42323287696129963,0.893709651483463,LH
SDN,1999,0.10300295553717449,-0.09308449946967133,NS
SEN,1999,-0.22217424233100044,-0.3075542677343523,NS
SLE,1999,4.09068056176922,-0.2906812396832994,NS
SOM,1999,0.6040634649193074,-0.338312852229129,NS
SSD,1999,-0.4553936831140557,-0.03955595384270273,NS
SWZ,1999,-0.4553936831140557,-0.4247227825116751,NS
TCD,1999,-0.09624428383150174,-0.3133085371178712,NS
TGO,1999,-0.4553936831140557,-0.45539368311405565,NS
TZA,1999,-0.4474882624784948,0.23093978646705013,NS
UGA,1999,0.3988808951559418,-0.2776944154956915,NS
ZAF,1999,-0.3940518819092945,-0.427614906375853,NS
ZMB,1999,-0.4553936831140557,-0.025993158312522247,NS
ZWE,1999,-0.4331136565608066,-0.4142467960979101,NS
AGO,2000,1.5232820218214398,0.20748774990824698,NS
BDI,2000,4.913961185439206,-0.25627474656071597,NS
BEN,2000,-0.48986574775001857,-0.4698297767393226,NS
BFA,2000,-0.48986574775001857,-0.46799211267878327,NS
BWA,2000,-0.48986574775001857,0.03410354275017502,NS
CAF,2000,-0.40189254672894914,-0.14187168588321883,NS
CIV,2000,-0.3759763466518589,-0.19499109850649934,NS
CMR,2000,-0.3994413595422632,-0.37515069313410193,NS
COD,2000,0.21090725581788916,0.4974502457004935,NS
COG,2000,-0.48986574775001857,0.0885979247236196,NS
DJI,2000,-0.48986574775001857,0.3236784442106102,NS
ERI,2000,0.7677356090979222,-0.10783882646108314,NS
ETH,2000,-0.12037872067670169,0.033439376653136996,NS
GAB,2000,-0.48986574775001857,-0.45972428501410006,NS
GHA,2000,-0.4725133384207668,-0.451902614050632,NS
GIN,2000,0.42858946622342176,0.3050783255927772,NS
GMB,2000,-0.48986574775001857,0.21936460171696484,NS
GNB,2000,0.022981316569467548,0.3239770339701933,NS
GNQ,2000,-0.48986574775001857,-0.4446535536461409,NS
KEN,2000,-0.2948681639914303,0.03555196745172365,NS
LBR,2000,0.048699875164885484,0.8192931246929285,NS
LSO,2000,-0.48986574775001857,-0.4826295728143985,NS
MDG,2000,-0.48986574775001857,0,NS
MLI,2000,-0.48986574775001857,-0.19960325366025464,NS
MOZ,2000,-0.48986574775001857,-0.4830042923680189,NS
MRT,2000,-0.48986574775001857,-0.13525057301652688,NS
MWI,2000,-0.48986574775001857,-0.47855489529789264,NS
NAM,2000,1.5648426819587582,-0.07900244737732737,NS
NER,2000,-0.48986574775001857,-0.3698023224151326,NS
NGA,2000,-0.40972186370723457,-0.3372163400401682,NS
RWA,2000,-0.48986574775001857,1.3730251064183843,LH
SDN,2000,0.28672798904347074,-0.04281878223522394,NS
SEN,2000,0.21936460171696484,-0.2036052920914333,NS
SLE,2000,2.405266254507223,0.23864467069415363,NS
SOM,2000,0.4207723212688966,-0.207623442334066,NS
SSD,2000,-0.48986574775001857,0.08959892427178986,NS
SWZ,2000,-0.48986574775001857,-0.48624766028220856,NS
TCD,2000,0.03030749488162756,-0.28283870573699904,NS
TGO,2000,-0.48986574775001857,-0.4840816113069346,NS
TZA,2000,-0.48986574775001857,0.4701959469735536,NS
UGA,2000,0.8570977321664605,-0.3107116302847194,NS
ZAF,2000,-0.4826295728143985,-0.14741434279855573,NS
ZMB,2000,-0.455933190393641,0.10621290260599928,NS
ZWE,2000,-0.48986574775001857,-0.0706903153498637,NS
AGO,2001,1.809206105432886,-0.28162472021207197,NS
BDI,2001,5.0340777905965455,0.05592082548454852,NS
BEN,2001,-0.45363565036371417,-0.4219022220972497,NS
BFA,2001,-0.45363565036371417,-0.4428222439841576,NS
BWA,2001,-0.45363565036371417,-0.42555765579334626,NS
CAF,2001,1.2984022104465331,-0.14129152011517543,NS
CIV,2001,-0.40895408411688366,0.12420199913933973,NS
CMR,2001,-0.4006336509909619,-0.07511699957564688,NS
COD,2001,0.03314868164876515,0.8314008442593223,HH
COG,2001,-0.33071994239156616,0.4572975392347017,NS
DJI,2001,-0.45363565036371417,-0.30628751217199646,NS
ERI,2001,-0.45363565036371417,-0.04135751848466826,NS
ETH,2001,-0.1589393739802787,-0.06125832381945419,NS
GAB,2001,-0.45363565036371417,-0.3949964145820807,NS
GHA,2001,-0.43343677833320543,-0.43874179494810395,NS
GIN,2001,-0.26670918442067315,0.30780462060008285,NS
GMB,2001,-0.45363565036371417,2.188616746482909e-5,NS
GNB,2001,-0.45363565036371417,-0.13334364912660415,NS
GNQ,2001,-0.45363565036371417,-0.427134650677338,NS
KEN,2001,-0.2275419825808227,0.022511243889638363,NS
LBR,2001,2.2284272591780057,0.08631356485392722,NS
LSO,2001,-0.45363565036371417,-0.45363565036371417,NS
MDG,2001,-0.45363565036371417,0,NS
MLI,2001,-0.45363565036371417,-0.33942472224353903,NS
MOZ,2001,-0.45363565036371417,-0.4215144685267125,NS
MRT,2001,-0.45363565036371417,-0.22680688209812466,NS
MWI,2001,-0.45363565036371417,-0.40071605257622084,NS
NAM,2001,-0.45363565036371417,0.021395096451900145,NS
NER,2001,-0.45363565036371417,-0.3744039831745125,NS
NGA,2001,-0.32670193729785624,-0.3730789948004885,NS
RWA,2001,0.5078343324280562,1.2649902985430606,HH
SDN,2001,0.48850246888998805,0.009556101651052445,NS
SEN,2001,2.188616746482909e-5,-0.41625035717510606,NS
SLE,2001,0.9346039630993385,0.9808590373786663,NS
SOM,2001,0.732396521865252,-0.1932406782805507,NS
SSD,2001,-0.45363565036371417,0.2999212106623822,NS
SWZ,2001,-0.45363565036371417,-0.45363565036371417,NS
TCD,2001,-0.1844110274835637,0.12118668813679775,NS
TGO,2001,-0.45363565036371417,-0.44690269302021124,NS
TZA,2001,-0.3732205376231758,0.5538638513966815,NS
UGA,2001,0.36595525955010855,-0.10268303129817827,NS
ZAF,2001,-0.45363565036371417,-0.4479742674204591,NS
ZMB,2001,-0.37529196974177265,-0.0956344630875707,NS
ZWE,2001,-0.4196673527041842,-0.4379669142393259,NS
AGO,2002,0.7139511430802977,0.2514554414189557,NS
BDI,2002,4.846425171883152,-0.20486896175098387,NS
BEN,2002,-0.4705650807689774,-0.4412701997426077,NS
BFA,2002,-0.4705650807689774,-0.32809769841054603,NS
BWA,2002,-0.4705650807689774,-0.41951256636229545,NS
CAF,2002,0.5885731910746277,0.13571797385407353,NS
CIV,2002,0.33859046243045443,0.15420389937984208,NS
CMR,2002,-0.4705650807689774,0.09907267173451195,NS
COD,2002,0.3265232762850032,0.7763903086486945,HH
COG,2002,1.4382276245861496,0.1375834897803948,NS
DJI,2002,-0.4705650807689774,-0.18847710380486374,NS
ERI,2002,-0.4705650807689774,-0.08280601225541077,NS
ETH,2002,0.09361087315924994,-0.07084639092765474,NS
GAB,2002,-0.4705650807689774,0.16569915434939825,NS
GHA,2002,-0.4535584717687324,-0.2008465663691668,NS
GIN,2002,-0.4705650807689774,0.2727147450397066,NS
GMB,2002,-0.4705650807689774,0.002742164123386957,NS
GNB,2002,-0.4705650807689774,-0.23391145832279522,NS
GNQ,2002,-0.4705650807689774,-0.4705650807689774,NS
KEN,2002,-0.4168249471240004,0.34199647098654806,NS
LBR,2002,2.6076310690239635,-0.17738727469701498,NS
LSO,2002,-0.4705650807689774,-0.4485560494848743,NS
MDG,2002,0.12133235897555382,0,NS
MLI,2002,-0.441922938818066,-0.25682128275367805,NS
MOZ,2002,-0.4705650807689774,-0.46689690888829355,NS
MRT,2002,-0.4705650807689774,-0.21959038734733952,NS
MWI,2002,-0.4705650807689774,-0.4705650807689774,NS
NAM,2002,-0.28836405442635266,-0.22926002974230175,NS
NER,2002,-0.4705650807689774,-0.37485754481435435,NS
NGA,2002,-0.3533855566634988,-0.387386077339796,NS
RWA,2002,-0.4705650807689774,1.4962448344222783,LH
SDN,2002,0.1285361708434951,-0.07935903287126583,NS
SEN,2002,0.002742164123386957,-0.4648366523787951,NS
SLE,2002,-0.400187205752522,1.068532994127493,NS
SOM,2002,1.2749056730215091,-0.16160703698237525,NS
SSD,2002,-0.4705650807689774,0.3338357557547186,NS
SWZ,2002,-0.4705650807689774,-0.4595605651269259,NS
TCD,2002,-0.13784906705225197,-0.11548127125666616,NS
TGO,2002,-0.4705650807689774,-0.46489621110222906,NS
TZA,2002,-0.4705650807689774,0.5195573935322726,NS
UGA,2002,1.2825959702899359,-0.30039938262918586,NS
ZAF,2002,-0.4485560494848743,-0.4401982430452066,NS
ZMB,2002,-0.4705650807689774,-0.20008937986324235,NS
ZWE,2002,-0.4705650807689774,-0.42972306924363185,NS
AGO,2003,0.2786984620940175,-0.14077787736359723,NS
BDI,2003,4.6929683758348375,-0.247197268972018,NS
BEN,2003,-0.4184602080046008,-0.37672326451998417,NS
BFA,2003,-0.4184602080046008,-0.30075621553249815,NS
BWA,2003,-0.4184602080046008,-0.4108910139469374,NS
CAF,2003,0.00914074053061296,-0.02426427437016375,NS
CIV,2003,0.2877637468280152,0.3199720817256445,NS
CMR,2003,-0.4184602080046008,-0.19428505973103594,NS
COD,2003,0.09532860909314772,0.5687264363618183,NS
COG,2003,0.17848029746166497,-0.0907505208582847,NS
DJI,2003,-0.4184602080046008,0.32057664337449965,NS
ERI,2003,0.727379933045256,0.05924585174523547,NS
ETH,2003,-0.08622664629625675,0.20868503128014942,NS
GAB,2003,-0.4184602080046008,-0.21948003951584555,NS
GHA,2003,-0.4184602080046008,-0.18305222306039548,NS
GIN,2003,-0.4184602080046008,0.3428546797486498,NS
GMB,2003,-0.4184602080046008,-0.2489562849689394,NS
GNB,2003,-0.4184602080046008,-0.3337082464867701,NS
GNQ,2003,-0.4184602080046008,-0.4184602080046008,NS
KEN,2003,-0.39642502656377054,0.3571190217440454,NS
LBR,2003,3.2737012406466257,-0.18305222306039548,NS
LSO,2003,-0.4184602080046008,-0.4184602080046008,NS
MDG,2003,-0.4184602080046008,0,NS
MLI,2003,-0.4184602080046008,-0.27250556169322127,NS
MOZ,2003,-0.4184602080046008,-0.41341407863282514,NS
MRT,2003,-0.4184602080046008,-0.3337082464867701,NS
MWI,2003,-0.4184602080046008,-0.4184602080046008,NS
NAM,2003,-0.4184602080046008,-0.2729731187387464,NS
NER,2003,-0.4184602080046008,-0.35435832087661895,NS
NGA,2003,-0.2515124340661344,-0.38006979257924,NS
RWA,2003,-0.4184602080046008,1.5007319150692553,LH
SDN,2003,0.682424409536564,-0.006612945405629206,NS
SEN,2003,-0.2489562849689394,-0.4184602080046008,NS
SLE,2003,-0.4184602080046008,1.4276205163210125,LH
SOM,2003,1.0756512876720488,-0.24132583643001365,NS
SSD,2003,-0.4184602080046008,0.3228888282756557,NS
SWZ,2003,-0.4184602080046008,-0.4184602080046008,NS
TCD,2003,-0.2648985463031575,-0.07937354000163183,NS
TGO,2003,-0.4184602080046008,-0.4184602080046008,NS
TZA,2003,-0.4184602080046008,0.5438902512124311,NS
UGA,2003,1.6330908833536366,-0.31129540829688507,NS
ZAF,2003,-0.4184602080046008,-0.41341407863282514,NS
ZMB,2003,-0.4184602080046008,-0.2633071750762232,NS
ZWE,2003,-0.3881834317739469,-0.4184602080046008,NS
AGO,2004,0.13650600493449902,-0.33344041813287423,NS
BDI,2004,4.04656940745929,-0.28772861142618955,NS
BEN,2004,-0.4074952383764611,-0.31330606139748357,NS
BFA,2004,-0.4074952383764611,-0.26186490954419617,NS
BWA,2004,-0.4074952383764611,-0.3961249022376773,NS
CAF,2004,-0.020966403852145793,0.24960970884748462,NS
CIV,2004,0.33955082386306173,-0.3905489187580585,NS
CMR,2004,-0.3739234952944406,-0.19775069399062392,NS
COD,2004,-0.11127595740211348,0.6046034493088287,NS
COG,2004,-0.4074952383764611,-0.1554310179981324,NS
DJI,2004,-0.4074952383764611,0.021095345427165846,NS
ERI,2004,-0.4074952383764611,0.903449358409442,NS
ETH,2004,0.4496859292307928,0.4973580835359147,NS
GAB,2004,-0.4074952383764611,-0.39630465734912096,NS
GHA,2004,-0.4074952383764611,-0.1584798842966202,NS
GIN,2004,-0.4074952383764611,-0.26041078280529667,NS
GMB,2004,-0.07273616039299678,-0.3567661652810105,NS
GNB,2004,-0.4074952383764611,-0.3821307018287358,NS
GNQ,2004,-0.4074952383764611,-0.3907093668354509,NS
KEN,2004,-0.3434138086644196,0.9540607440713645,LH
LBR,2004,-0.4074952383764611,-0.1584798842966202,NS
LSO,2004,-0.4074952383764611,-0.36201389382132587,NS
MDG,2004,-0.4074952383764611,0,NS
MLI,2004,-0.3227636402844479,-0.2675319970436233,NS
MOZ,2004,-0.37937496253600417,-0.3999150142839385,NS
MRT,2004,-0.4074952383764611,-0.3397649027827292,NS
MWI,2004,-0.4074952383764611,-0.3981218130963088,NS
NAM,2004,-0.4074952383764611,-0.28959872080324206,NS
NER,2004,-0.3654909257144077,-0.21616123239991689,NS
NGA,2004,-0.07274284312260425,-0.2543047153062299,NS
RWA,2004,-0.3444146384999941,1.6953789597310926,LH
SDN,2004,2.6681573843739943,-0.051316030642777066,NS
SEN,2004,-0.3567661652810105,-0.32359710316136564,NS
SLE,2004,-0.4074952383764611,-0.4074952383764611,NS
SOM,2004,1.881890640635297,0.0531360602831866,NS
SSD,2004,-0.4074952383764611,0.9826507951549605,LH
SWZ,2004,-0.4074952383764611,-0.37069442817866505,NS
TCD,2004,0.12969079816038992,0.36700674327807914,NS
TGO,2004,-0.4074952383764611,-0.4074952383764611,NS
TZA,2004,-0.4074952383764611,0.6633521488559364,LH
UGA,2004,3.2537176272436548,-0.3228189762638899,NS
ZAF,2004,-0.36201389382132587,-0.4028085257363849,NS
ZMB,2004,-0.4074952383764611,-0.29895263836074054,NS
ZWE,2004,-0.4074952383764611,-0.3927749142973427,NS
AGO,2005,-0.10476797252031311,-0.21179213735454433,NS
BDI,2005,3.9899235106106965,-0.34274634933908255,NS
BEN,2005,-0.4071203932876399,0.7139003749744955,NS
BFA,2005,-0.4071203932876399,0.41117959272538496,NS
BWA,2005,-0.4071203932876399,-0.4071203932876399,NS
CAF,2005,0.19994812928702066,-0.016077708549971325,NS
CIV,2005,0.05428428441301192,-0.3903216749833569,NS
CMR,2005,-0.3263690240543435,-0.13862806541840622,NS
COD,2005,-0.21399826144196799,0.5478557645392916,NS
COG,2005,0.18107049859907043,-0.17046150440344876,NS
DJI,2005,-0.4071203932876399,-0.1551076338583117,NS
ERI,2005,-0.4071203932876399,0.14032267678023586,NS
ETH,2005,0.09690512557101649,0.01166086350189402,NS
GAB,2005,-0.4071203932876399,-0.18413963958097096,NS
GHA,2005,-0.4071203932876399,1.2181066807492014,LH
GIN,2005,-0.3572454957338497,-0.3108993602825838,NS
GMB,2005,0.11818914024118402,-0.3253175669255804,NS
GNB,2005,-0.4071203932876399,-0.34128153132971506,NS
GNQ,2005,-0.4071203932876399,-0.3667447086709917,NS
KEN,2005,-0.0459610032245466,0.43635553861298937,NS
LBR,2005,-0.4071203932876399,-0.2366938682028259,NS
LSO,2005,-0.4071203932876399,-0.4071203932876399,NS
MDG,2005,-0.4071203932876399,0,NS
MLI,2005,-0.3730016993200148,-0.3082733263515563,NS
MOZ,2005,-0.361676796025551,-0.4071203932876398,NS
MRT,2005,-0.4071203932876399,-0.34915963312279763,NS
MWI,2005,-0.4071203932876399,-0.3919725275336102,NS
NAM,2005,-0.4071203932876399,-0.3466499091341746,NS
NER,2005,-0.4071203932876399,-0.3171577439433086,NS
NGA,2005,-0.3373138646489704,-0.3004605449504753,NS
RWA,2005,-0.4071203932876399,1.4154535359771998,LH
SDN,2005,0.7311832980573311,-0.11572398017790417,NS
SEN,2005,-0.3253175669255804,-0.2852597682775921,NS
SLE,2005,-0.4071203932876399,-0.3821829445107448,NS
SOM,2005,0.6061040660414994,0.025472061173234948,NS
SSD,2005,-0.4071203932876399,0.510181096046094,NS
SWZ,2005,-0.4071203932876399,-0.3843985946565954,NS
TCD,2005,-0.06123236917227809,-0.027934370929320412,NS
TGO,2005,4.007156151122232,-0.4071203932876399,NS
TZA,2005,-0.4071203932876399,0.5549919447604278,NS
UGA,2005,2.2930092880277106,-0.29626408890588685,NS
ZAF,2005,-0.4071203932876399,-0.399546460410625,NS
ZMB,2005,-0.4071203932876399,-0.3395056245532539,NS
ZWE,2005,-0.4071203932876399,-0.39803167383522214,NS
AGO,2006,-0.09911005875718658,-0.2618394508425659,NS
BDI,2006,2.720980373138907,-0.20011169086115507,NS
BEN,2006,-0.44702273078679816,-0.42415184875839285,NS
BFA,2006,-0.44702273078679816,-0.4136598822994503,NS
BWA,2006,-0.44702273078679816,-0.44702273078679816,NS
CAF,2006,3.572259330833902,0.4233836650465057,NS
CIV,2006,-0.24684563986271088,-0.37339134315812667,NS
CMR,2006,-0.44702273078679816,0.6930695349876274,NS
COD,2006,0.2937103889901311,0.5847021873167983,NS
COG,2006,-0.44702273078679816,0.5745628398986502,NS
DJI,2006,-0.44702273078679816,-0.09144627869734218,NS
ERI,2006,-0.44702273078679816,0.37400065404305977,NS
ETH,2006,0.2641301733921138,0.4425913103326956,NS
GAB,2006,-0.44702273078679816,-0.4470227307867981,NS
GHA,2006,-0.44702273078679816,-0.38029703381210234,NS
GIN,2006,-0.07886579264344051,-0.3796098724793425,NS
GMB,2006,-0.44702273078679816,-0.24272267186615157,NS
GNB,2006,-0.44702273078679816,-0.16079423225479605,NS
GNQ,2006,-0.44702273078679816,-0.44702273078679816,NS
KEN,2006,-0.10102747020200734,0.6932274822845571,NS
LBR,2006,-0.44702273078679816,-0.25757805443098314,NS
LSO,2006,-0.44702273078679816,-0.44702273078679816,NS
MDG,2006,-0.44702273078679816,0,NS
MLI,2006,-0.44702273078679816,-0.3182503827887829,NS
MOZ,2006,-0.44702273078679816,-0.44702273078679816,NS
MRT,2006,-0.44702273078679816,-0.34487270132647485,NS
MWI,2006,-0.44702273078679816,-0.4470227307867981,NS
NAM,2006,-0.44702273078679816,-0.3774401963808759,NS
NER,2006,-0.44702273078679816,0.11723157581837262,NS
NGA,2006,-0.3555392026731769,0.23542427044125996,NS
RWA,2006,-0.44702273078679816,0.967742931477949,NS
SDN,2006,1.3048945195238637,1.0450218633555708,HH
SEN,2006,-0.24272267186615157,-0.37339134315812667,NS
SLE,2006,-0.44702273078679816,-0.2629442617151193,NS
SOM,2006,2.792749005034712,0.08155135159505324,NS
SSD,2006,-0.44702273078679816,1.10621177285126,LH
SWZ,2006,-0.44702273078679816,-0.44702273078679816,NS
TCD,2006,2.2827652741254343,0.7255138372221986,HH
TGO,2006,-0.44702273078679816,-0.4470227307867981,NS
TZA,2006,-0.44702273078679816,0.30360950791867425,NS
UGA,2006,1.3033036945695562,-0.22967705471445415,NS
ZAF,2006,-0.44702273078679816,-0.44702273078679816,NS
ZMB,2006,-0.44702273078679816,-0.31094200681098055,NS
ZWE,2006,-0.44702273078679816,-0.4470227307867982,NS
AGO,2007,0.10985399564079398,-0.1484031241531866,NS
BDI,2007,0.9181990047943333,-0.1079218014233429,NS
BEN,2007,-0.3785678215725624,-0.19316906002367953,NS
BFA,2007,-0.3785678215725624,-0.21147697242840552,NS
BWA,2007,-0.3785678215725624,-0.35976265528740886,NS
CAF,2007,1.6387116553981222,0.0615262527219221,NS
CIV,2007,-0.3098268123193464,-0.1354001267258749,NS
CMR,2007,-0.3785678215725624,0.11724213473931464,NS
COD,2007,0.42167178298172714,0.09550478033029575,NS
COG,2007,-0.2581486364493487,0.2826203581751037,NS
DJI,2007,-0.3785678215725624,0.011692016905327257,NS
ERI,2007,-0.3785678215725624,0.19890930029559858,NS
ETH,2007,0.4019518553832169,0.9190589098045182,HH
GAB,2007,-0.3785678215725624,-0.3384280931981578,NS
GHA,2007,-0.3785678215725624,-0.3556541518214904,NS
GIN,2007,0.5758945049080175,-0.32354829540488345,NS
GMB,2007,-0.3785678215725624,-0.3785678215725624,NS
GNB,2007,-0.3785678215725624,0.09866334166772756,NS
GNQ,2007,-0.3785678215725624,-0.3785678215725624,NS
KEN,2007,0.24331294847465365,1.088682922022221,HH
LBR,2007,-0.3785678215725624,-0.03750004299463042,NS
LSO,2007,-0.3785678215725624,-0.3785678215725624,NS
MDG,2007,-0.3785678215725624,0,NS
MLI,2007,-0.11719167381970479,-0.07022562596862346,NS
MOZ,2007,-0.3785678215725624,-0.3640813014002318,NS
MRT,2007,-0.22414592154159232,-0.2478797476961336,NS
MWI,2007,-0.3785678215725624,-0.3746683362747727,NS
NAM,2007,-0.3785678215725624,-0.2658393251017683,NS
NER,2007,0.2938601162863052,-0.15886037686651805,NS
NGA,2007,-0.3094007132358985,-0.018462345247670445,NS
RWA,2007,-0.3785678215725624,0.23162531402062708,NS
SDN,2007,0.5733438670761413,0.33459080270087044,NS
SEN,2007,-0.3785678215725624,-0.10451574671968089,NS
SLE,2007,-0.3785678215725624,0.09866334166772756,NS
SOM,2007,5.833400107994001,0.3226324019289353,NS
SSD,2007,-0.3785678215725624,0.5387486572165837,NS
SWZ,2007,-0.3785678215725624,-0.3785678215725624,NS
TCD,2007,0.38942614586813784,0.3635894207904216,NS
TGO,2007,-0.3785678215725624,-0.3785678215725624,NS
TZA,2007,-0.3668693656791934,0.002801535493263209,NS
UGA,2007,-0.0465001660143585,-0.09180405547358748,NS
ZAF,2007,-0.3785678215725624,-0.3660310440491267,NS
ZMB,2007,-0.3785678215725624,-0.20662025372235876,NS
ZWE,2007,-0.30334715643194815,-0.3785678215725624,NS
AGO,2008,-0.17467845087254041,-0.1603571335882364,NS
BDI,2008,1.8274466202368531,-0.12793904919418742,NS
BEN,2008,-0.37588489111558965,-0.2519035597262249,NS
BFA,2008,-0.37588489111558965,-0.20776668584141625,NS
BWA,2008,-0.37588489111558965,-0.044732436558740846,NS
CAF,2008,0.13654598865729198,0.08292824227587922,NS
CIV,2008,-0.28517584773012994,-0.27228591204604713,NS
CMR,2008,-0.34944536282358957,-0.15396755920287358,NS
COD,2008,0.36795263464861705,-0.02448808417322068,NS
COG,2008,-0.25761138677038325,-0.07910201630116213,NS
DJI,2008,-0.37588489111558965,-0.06198651126200136,NS
ERI,2008,-0.2040761523156969,0.19592733826509917,NS
ETH,2008,0.08010312979169418,1.0978771734012125,HH
GAB,2008,-0.37588489111558965,-0.32764721356985416,NS
GHA,2008,-0.17690381983655154,-0.3456485433204364,NS
GIN,2008,-0.37588489111558965,-0.28741426648404356,NS
GMB,2008,-0.37588489111558965,-0.25478401078044755,NS
GNB,2008,-0.37588489111558965,-0.3153344509480186,NS
GNQ,2008,-0.37588489111558965,-0.36266512696958964,NS
KEN,2008,0.9100387978675056,0.965856756836024,HH
LBR,2008,-0.37588489111558965,-0.3456485433204364,NS
LSO,2008,-0.37588489111558965,-0.37588489111558965,NS
MDG,2008,-0.37588489111558965,0,NS
MLI,2008,-0.05687106704691515,-0.24853119718108888,NS
MOZ,2008,-0.37588489111558965,-0.15511658807769046,NS
MRT,2008,-0.22357794414105497,-0.15582753891368134,NS
MWI,2008,-0.37588489111558965,-0.37588489111558965,NS
NAM,2008,-0.37588489111558965,-0.07072163942150073,NS
NER,2008,0.02412040179627836,-0.1719222048302131,NS
NGA,2008,-0.2799648584699987,-0.11805379213646827,NS
RWA,2008,-0.37588489111558965,0.39273959985550794,NS
SDN,2008,0.883563776119193,-0.026863448277054523,NS
SEN,2008,-0.25478401078044755,-0.28162073690694783,NS
SLE,2008,-0.37588489111558965,-0.37588489111558965,NS
SOM,2008,5.749506400967454,0.4950709638295999,NS
SSD,2008,-0.37588489111558965,0.3549413937894088,NS
SWZ,2008,-0.37588489111558965,-0.37588489111558965,NS
TCD,2008,0.22899468359702776,0.08296398905583502,NS
TGO,2008,-0.37588489111558965,-0.3095578673559103,NS
TZA,2008,-0.37588489111558965,0.1691678154928461,NS
UGA,2008,-0.24855596434784885,0.030067351833870742,NS
ZAF,2008,-0.37588489111558965,-0.15511658807769046,NS
ZMB,2008,-0.37588489111558965,-0.09217816808625824,NS
ZWE,2008,0.9487249271118056,-0.37588489111558965,NS
AGO,2009,-0.18007626147828254,0.30863289485972795,NS
BDI,2009,-0.20803502540117902,0.5433947802387114,NS
BEN,2009,-0.35236548628704395,-0.3250275507171897,NS
BFA,2009,-0.35236548628704395,-0.30187674647395407,NS
BWA,2009,-0.35236548628704395,-0.3440721006991603,NS
CAF,2009,3.3811303164568045,0.38735801751762006,NS
CIV,2009,-0.3325155487139294,-0.270237021057445,NS
CMR,2009,-0.3295283401179484,0.3582219624878885,NS
COD,2009,2.291628038300044,0.11164647376566841,NS
COG,2009,-0.35236548628704395,0.9621576533747147,LH
DJI,2009,-0.35236548628704395,-0.1460820685563766,NS
ERI,2009,-0.35236548628704395,0.23543452701522463,NS
ETH,2009,0.06020134917429078,0.7492881468152437,NS
GAB,2009,-0.35236548628704395,-0.34475310423067873,NS
GHA,2009,-0.3173009736614224,-0.34574884042933907,NS
GIN,2009,-0.22480566144447353,-0.2454238806637022,NS
GMB,2009,-0.35236548628704395,0.021416221200088983,NS
GNB,2009,-0.35236548628704395,-0.10169472012219227,NS
GNQ,2009,-0.35236548628704395,-0.34094691320249615,NS
KEN,2009,-0.08964792065517606,0.7459630619216521,NS
LBR,2009,-0.35236548628704395,-0.303228898815149,NS
LSO,2009,-0.35236548628704395,-0.35236548628704395,NS
MDG,2009,-0.21244823138523963,0,NS
MLI,2009,-0.10434749760724103,-0.2436234424770825,NS
MOZ,2009,-0.35236548628704395,-0.3468365625617882,NS
MRT,2009,-0.22110469333009342,-0.04146563820357602,NS
MWI,2009,-0.35236548628704395,-0.35236548628704395,NS
NAM,2009,-0.35236548628704395,-0.31127293285498475,NS
NER,2009,-0.35236548628704395,-0.19675611056993406,NS
NGA,2009,-0.24301374400762699,-0.24148691283818766,NS
RWA,2009,-0.30907821129686586,0.36539172934263375,NS
SDN,2009,0.9984677181584272,0.5609824708792587,NS
SEN,2009,0.021416221200088983,-0.2509977649911792,NS
SLE,2009,-0.35236548628704395,-0.2885855738657587,NS
SOM,2009,4.644005542249343,-0.01472328574044264,NS
SSD,2009,-0.35236548628704395,1.0620198153655174,LH
SWZ,2009,-0.35236548628704395,-0.35236548628704395,NS
TCD,2009,0.06831166133928568,0.6909380928405225,NS
TGO,2009,-0.35236548628704395,-0.34067731541183677,NS
TZA,2009,-0.35236548628704395,0.044763726605550634,NS
UGA,2009,-0.26966060924128565,0.23763418675478276,NS
ZAF,2009,-0.35236548628704395,-0.3468365625617882,NS
ZMB,2009,-0.35236548628704395,0.003816550181379011,NS
ZWE,2009,-0.31919194393550926,-0.35236548628704395,NS
AGO,2010,-0.21299886723652472,-0.1532512753548358,NS
BDI,2010,-0.29222176573833947,-0.10692777856033459,NS
BEN,2010,-0.29222176573833947,-0.22970849074774194,NS
BFA,2010,-0.29222176573833947,-0.21027945482143687,NS
BWA,2010,-0.29222176573833947,-0.29000147103662566,NS
CAF,2010,2.8321089308410157,-0.010732099517109496,NS
CIV,2010,0.123200067182458,-0.26806629322941866,NS
CMR,2010,-0.29222176573833947,0.27644881320441445,NS
COD,2010,0.2636601957956752,0.06532237826540715,NS
COG,2010,-0.29222176573833947,0.45966534558469746,NS
DJI,2010,-0.29222176573833947,-0.053106717687138844,NS
ERI,2010,-0.29222176573833947,0.23232705252198993,NS
ETH,2010,0.18600833036406178,0.9240080858735341,HH
GAB,2010,-0.29222176573833947,-0.29222176573833947,NS
GHA,2010,-0.2739917371228548,-0.15374782143140697,NS
GIN,2010,-0.24767643577435342,-0.15995634850410181,NS
GMB,2010,-0.29222176573833947,0.027946900781155515,NS
GNB,2010,-0.29222176573833947,-0.10986476749659894,NS
GNQ,2010,-0.29222176573833947,-0.29222176573833947,NS
KEN,2010,0.010895061078280699,0.9860621785078575,HH
LBR,2010,-0.29222176573833947,-0.1388993781100783,NS
LSO,2010,-0.29222176573833947,-0.2833405869314842,NS
MDG,2010,-0.29222176573833947,0,NS
MLI,2010,-0.23421976177320608,-0.13965925142327784,NS
MOZ,2010,-0.272033610947793,-0.29074156927053024,NS
MRT,2010,-0.15698250925224827,-0.10313643049602528,NS
MWI,2010,-0.29222176573833947,-0.2854923808081573,NS
NAM,2010,-0.29222176573833947,-0.27460095027660547,NS
NER,2010,-0.29222176573833947,-0.22308280952987916,NS
NGA,2010,-0.042168665775949375,-0.2828118464596449,NS
RWA,2010,-0.29222176573833947,-0.14966535011669835,NS
SDN,2010,0.8031945929402476,0.43581832822096744,NS
SEN,2010,0.027946900781155515,-0.24466444765529735,NS
SLE,2010,-0.29222176573833947,-0.2699491007563464,NS
SOM,2010,5.606624158437695,0.09845169572117124,NS
SSD,2010,-0.29222176573833947,0.6363315077055819,NS
SWZ,2010,-0.29222176573833947,-0.2776870989396386,NS
TCD,2010,-0.2545820886235613,0.601738265305727,NS
TGO,2010,-0.29222176573833947,-0.2861450895331779,NS
TZA,2010,-0.29222176573833947,-0.18053043522662307,NS
UGA,2010,-0.2778780647857896,-0.12042200806821252,NS
ZAF,2010,-0.2833405869314842,-0.2888570732732484,NS
ZMB,2010,-0.29222176573833947,-0.2103101388850425,NS
ZWE,2010,-0.29222176573833947,-0.2864078990188591,NS
AGO,2011,-0.36182188556538436,-0.1210263967501704,NS
BDI,2011,-0.11029627314921796,-0.046964424877124114,NS
BEN,2011,-0.4018447354491822,-0.2337058115015723,NS
BFA,2011,-0.4018447354491822,0.04200747542068453,NS
BWA,2011,-0.4018447354491822,-0.3929288470391462,NS
CAF,2011,1.5837329508961981,0.3040040512653469,NS
CIV,2011,2.1444855058723298,-0.3693977354836083,NS
CMR,2011,-0.4018447354491822,0.058584134266324264,NS
COD,2011,0.6169887831896462,0.014722526286306215,NS
COG,2011,-0.29740489929196345,0.20704207552441917,NS
DJI,2011,-0.4018447354491822,-0.1726673289294417,NS
ERI,2011,-0.4018447354491822,0.36097695477579095,NS
ETH,2011,0.05651007759029881,1.106680891284617,HH
GAB,2011,-0.4018447354491822,-0.3670314567301093,NS
GHA,2011,-0.4018447354491822,0.44693201165798846,NS
GIN,2011,-0.356392759519001,0.12521287474774018,NS
GMB,2011,-0.4018447354491822,0.09738766051315172,NS
GNB,2011,-0.4018447354491822,-0.12950254950292464,NS
GNQ,2011,-0.4018447354491822,-0.4018447354491822,NS
KEN,2011,-0.11458165417917093,1.0765823114581838,LH
LBR,2011,-0.4018447354491822,0.46208267030138217,NS
LSO,2011,-0.4018447354491822,-0.4018447354491822,NS
MDG,2011,-0.4018447354491822,0,NS
MLI,2011,-0.2850617115514939,0.24155988898263986,NS
MOZ,2011,-0.4018447354491822,-0.3959008098424915,NS
MRT,2011,0.36756839792772306,-0.09383702551917109,NS
MWI,2011,-0.4018447354491822,-0.4018447354491822,NS
NAM,2011,-0.4018447354491822,-0.38670745474439383,NS
NER,2011,-0.4018447354491822,-0.24397699151155663,NS
NGA,2011,0.27071096034125736,-0.4018447354491822,NS
RWA,2011,-0.3560373223718364,-0.07424924021448404,NS
SDN,2011,1.4282655221862564,0.34328358599892783,NS
SEN,2011,0.09738766051315172,-0.21551510880822727,NS
SLE,2011,-0.4018447354491822,-0.3791187474840916,NS
SOM,2011,5.250226578192476,-0.029035788294436062,NS
SSD,2011,0.8798643724065065,0.5281784907056744,NS
SWZ,2011,-0.4018447354491822,-0.4018447354491822,NS
TCD,2011,-0.4018447354491822,0.49580399250506957,NS
TGO,2011,-0.4018447354491822,-0.4018447354491822,NS
TZA,2011,-0.4018447354491822,-0.19641317603841346,NS
UGA,2011,-0.4018447354491822,0.12487788871919264,NS
ZAF,2011,-0.4018447354491822,-0.3959008098424915,NS
ZMB,2011,-0.4018447354491822,-0.26502974517883593,NS
ZWE,2011,-0.36618118180903814,-0.4018447354491822,NS
AGO,2012,-0.3647034003683377,-0.12920400814550279,NS
BDI,2012,-0.09463636300635452,-0.05465182147413386,NS
BEN,2012,-0.3647034003683377,-0.1493555572385667,NS
BFA,2012,-0.3647034003683377,-0.19544985413442806,NS
BWA,2012,-0.3647034003683377,-0.357458167936067,NS
CAF,2012,1.7019451765234583,0.2668345328552484,NS
CIV,2012,-0.2799717560614159,-0.1541264812006845,NS
CMR,2012,-0.3647034003683377,0.1472389729303262,NS
COD,2012,0.4112105566016897,0.12580272970614936,NS
COG,2012,-0.1986197884470254,0.20380910640402694,NS
DJI,2012,-0.3647034003683377,-0.1842648600029707,NS
ERI,2012,-0.3647034003683377,0.1188272484310635,NS
ETH,2012,-0.0038263196376037284,1.229438548215067,LH
GAB,2012,-0.3647034003683377,-0.30934219639456695,NS
GHA,2012,-0.3647034003683377,-0.3364595189326971,NS
GIN,2012,-0.22013911608639916,-0.15067146776113172,NS
GMB,2012,-0.17265326281903784,-0.07356376058835074,NS
GNB,2012,-0.3647034003683377,-0.14685143833737496,NS
GNQ,2012,-0.3647034003683377,-0.3647034003683377,NS
KEN,2012,0.2379430554153469,1.2836650141409707,HH
LBR,2012,-0.3647034003683377,-0.2882714241720509,NS
LSO,2012,-0.3647034003683377,-0.3647034003683377,NS
MDG,2012,-0.3136403220564864,0,NS
MLI,2012,0.5436169111879896,-0.25596161261463596,NS
MOZ,2012,-0.348223753897991,-0.3584608084524016,NS
MRT,2012,-0.25515756375518317,0.23502657529981943,NS
MWI,2012,-0.3647034003683377,-0.3563853109560442,NS
NAM,2012,-0.3647034003683377,-0.3589072144225211,NS
NER,2012,-0.3422340788281289,-0.015254927861297188,NS
NGA,2012,0.47421865061053753,-0.3590860699832855,NS
RWA,2012,-0.2189372424222872,-0.10108949634370164,NS
SDN,2012,0.725011465299132,0.4723047641127098,NS
SEN,2012,-0.07356376058835074,-0.09380728636819365,NS
SLE,2012,-0.3647034003683377,-0.2924212582273684,NS
SOM,2012,5.750271804898229,0.11705836788887158,NS
SSD,2012,1.3928117644143696,0.4512634223056143,NS
SWZ,2012,-0.3647034003683377,-0.35646357713316434,NS
TCD,2012,-0.3647034003683377,0.43884756264733227,NS
TGO,2012,-0.3647034003683377,-0.3647034003683377,NS
TZA,2012,-0.356228778601804,-0.13834424355182615,NS
UGA,2012,-0.3647034003683377,0.29335987108146305,NS
ZAF,2012,-0.3647034003683377,-0.3571266376684327,NS
ZMB,2012,-0.3647034003683377,-0.2609722560013389,NS
ZWE,2012,-0.33572247063925476,-0.3614074710742684,NS
AGO,2013,-0.34188629664521136,-0.20706440672300844,NS
BDI,2013,-0.1561521399443607,-0.13121366776053528,NS
BEN,2013,-0.3534842859429087,-0.20055743141641108,NS
BFA,2013,-0.3534842859429087,-0.13602862033526528,NS
BWA,2013,-0.3534842859429087,-0.3534842859429087,NS
CAF,2013,4.543950748359617,0.22885679145680907,NS
CIV,2013,-0.3281887193032566,-0.1008995671549218,NS
CMR,2013,-0.33931109309527024,0.5485490815306346,NS
COD,2013,0.23219523093669237,0.43735126494702403,NS
COG,2013,-0.3534842859429087,0.7482928607225838,NS
DJI,2013,-0.3534842859429087,-0.27229631441574664,NS
ERI,2013,-0.3534842859429087,0.02203146305118661,NS
ETH,2013,-0.19110834288858455,0.8807240904759199,LH
GAB,2013,-0.3534842859429087,-0.3487598883270292,NS
GHA,2013,-0.3534842859429087,-0.34505243039635797,NS
GIN,2013,-0.27305687144192725,-0.13761338717367652,NS
GMB,2013,-0.3534842859429087,-0.26605063940612106,NS
GNB,2013,-0.3534842859429087,-0.26955375542402416,NS
GNQ,2013,-0.3534842859429087,-0.34639768951908945,NS
KEN,2013,-0.03913701607487522,0.9043372396113516,LH
LBR,2013,-0.3534842859429087,-0.31824329222936415,NS
LSO,2013,-0.3534842859429087,-0.3534842859429087,NS
MDG,2013,-0.3534842859429087,0,NS
MLI,2013,0.8290118934960445,-0.3051344734021293,NS
MOZ,2013,-0.14251234823811587,-0.3534842859429087,NS
MRT,2013,-0.3534842859429087,0.28148062704496174,NS
MWI,2013,-0.3534842859429087,-0.28316030670797776,NS
NAM,2013,-0.3534842859429087,-0.3511646880833693,NS
NER,2013,-0.25654203837565354,-0.01403201594737103,NS
NGA,2013,0.1612808845958265,-0.32570542583918527,NS
RWA,2013,-0.27235194827538955,-0.15773137022337144,NS
SDN,2013,0.6106870179850531,1.0444823996770822,HH
SEN,2013,-0.26605063940612106,-0.10089956715492178,NS
SLE,2013,-0.3534842859429087,-0.313270578692418,NS
SOM,2013,3.843224948030963,-0.11512267948172988,NS
SSD,2013,1.5765381648001966,0.8005172253958323,HH
SWZ,2013,-0.3534842859429087,-0.2479983170905123,NS
TCD,2013,-0.3534842859429087,0.9440131038939146,LH
TGO,2013,-0.3534842859429087,-0.3534842859429087,NS
TZA,2013,-0.3534842859429087,-0.17980138492809689,NS
UGA,2013,-0.3534842859429087,0.2287520290887431,NS
ZAF,2013,-0.3534842859429087,-0.31832229632544323,NS
ZMB,2013,-0.3534842859429087,-0.2524531054576473,NS
ZWE,2013,-0.3534842859429087,-0.3112898984019502,NS
AGO,2014,-0.27225932517690893,-0.23463901363109568,NS
BDI,2014,-0.13505279406989523,-0.20336720138019923,NS
BEN,2014,-0.3237765279372996,-0.16392737328791446,NS
BFA,2014,-0.3237765279372996,-0.25919628047630444,NS
BWA,2014,-0.3237765279372996,-0.3237765279372996,NS
CAF,2014,5.323724572277029,0.2551030062169493,NS
CIV,2014,-0.3237765279372996,-0.2511627636866723,NS
CMR,2014,0.16658730486512724,0.7281928999370695,NS
COD,2014,0.032773529287516076,0.5275875530832728,NS
COG,2014,-0.3237765279372996,0.9854099106630927,LH
DJI,2014,-0.3237765279372996,-0.2927111093646966,NS
ERI,2014,-0.3237765279372996,-0.031851495812053904,NS
ETH,2014,-0.2616456907920936,0.7213036356298537,NS
GAB,2014,-0.3237765279372996,-0.16032191700315732,NS
GHA,2014,-0.3237765279372996,-0.3237765279372996,NS
GIN,2014,-0.3237765279372996,-0.2632650577284435,NS
GMB,2014,-0.3237765279372996,-0.3237765279372996,NS
GNB,2014,-0.3237765279372996,-0.3237765279372996,NS
GNQ,2014,-0.3237765279372996,-0.07859461153608618,NS
KEN,2014,0.07558992998296211,0.7023731220666647,NS
LBR,2014,-0.3237765279372996,-0.3237765279372996,NS
LSO,2014,-0.3237765279372996,-0.3237765279372996,NS
MDG,2014,-0.3237765279372996,0,NS
MLI,2014,0.03929229331583698,-0.31970775068516055,NS
MOZ,2014,-0.20782114453395428,-0.32299687419621864,NS
MRT,2014,-0.3237765279372996,-0.1422421173107313,NS
MWI,2014,-0.3237765279372996,-0.283565425987356,NS
NAM,2014,-0.3237765279372996,-0.3134730873852215,NS
NER,2014,-0.29936386442446533,-0.11829967028029514,NS
NGA,2014,0.29120742714740666,-0.18274952587168944,NS
RWA,2014,-0.3237765279372996,-0.18467129300862262,NS
SDN,2014,0.48986773129323147,1.1806936706681512,HH
SEN,2014,-0.3237765279372996,-0.25116276368667234,NS
SLE,2014,-0.3237765279372996,-0.3237765279372996,NS
SOM,2014,2.9703061925942866,-0.09302788040456575,NS
SSD,2014,1.4396110157832407,0.8905004617145578,HH
SWZ,2014,-0.3237765279372996,-0.26579883623562695,NS
TCD,2014,-0.27444501599012006,1.1944046342316654,LH
TGO,2014,-0.3237765279372996,-0.3237765279372996,NS
TZA,2014,-0.3190986054908142,-0.19039342061332093,NS
UGA,2014,-0.3173073017612971,0.18101986832512096,NS
ZAF,2014,-0.3237765279372996,-0.30445063070340866,NS
ZMB,2014,-0.3237765279372996,-0.25768895720792,NS
ZWE,2014,-0.3237765279372996,-0.30058545125663055,NS
AGO,2015,-0.40283108096769754,-0.29333551244448897,NS
BDI,2015,0.631039916570872,-0.2703422214500869,NS
BEN,2015,-0.42605137845025975,-0.07317568583338269,NS
BFA,2015,-0.42605137845025975,-0.17757941850109404,NS
BWA,2015,-0.42605137845025975,-0.42460670910921594,NS
CAF,2015,4.313379785377201,0.5957446699587223,HH
CIV,2015,-0.42605137845025975,-0.2504662950619428,NS
CMR,2015,0.36421399800478776,0.60172166698379,NS
COD,2015,0.041076092550258826,0.45996674692158984,NS
COG,2015,-0.3623153854276952,0.777957483302858,NS
DJI,2015,-0.42605137845025975,-0.2795956443131794,NS
ERI,2015,-0.42605137845025975,0.38036089085307995,NS
ETH,2015,-0.13313991017609905,0.9780541199843633,LH
GAB,2015,-0.42605137845025975,-0.14138425529105572,NS
GHA,2015,-0.42605137845025975,-0.42605137845025975,NS
GIN,2015,-0.3982883351434578,-0.28435764951112924,NS
GMB,2015,-0.42605137845025975,-0.42605137845025975,NS
GNB,2015,-0.42605137845025975,-0.4121698567968588,NS
GNQ,2015,-0.42605137845025975,-0.030918690222735995,NS
KEN,2015,-0.14575090085531472,0.8361323498799595,NS
LBR,2015,-0.42605137845025975,-0.4167970306813257,NS
LSO,2015,-0.42605137845025975,-0.4202727010860844,NS
MDG,2015,-0.42605137845025975,0,NS
MLI,2015,0.42411099518452333,-0.3146459735557576,NS
MOZ,2015,-0.42605137845025975,-0.42508826555623047,NS
MRT,2015,-0.42605137845025975,-9.701916328682114e-4,NS
MWI,2015,-0.42605137845025975,-0.42605137845025975,NS
NAM,2015,-0.42605137845025975,-0.4202515834809123,NS
NER,2015,0.21461800760995134,0.016675319427551558,NS
NGA,2015,0.3447820059570374,0.07984174501529898,NS
RWA,2015,-0.42605137845025975,-0.04499668694484718,NS
SDN,2015,1.7002739611855988,1.1170815700380452,HH
SEN,2015,-0.42605137845025975,-0.2504662950619428,NS
SLE,2015,-0.42605137845025975,-0.4121698567968588,NS
SOM,2015,3.501271415933749,-0.1394454055157069,NS
SSD,2015,1.664633000542667,0.8916312749385641,HH
SWZ,2015,-0.42605137845025975,-0.42316203976817207,NS
TCD,2015,0.16658635289671658,1.3874535516269153,HH
TGO,2015,-0.42605137845025975,-0.42605137845025975,NS
TZA,2015,-0.42605137845025975,-0.20048647299818534,NS
UGA,2015,-0.42605137845025975,0.14157108706741833,NS
ZAF,2015,-0.4202727010860844,-0.4260513784502597,NS
ZMB,2015,-0.42605137845025975,-0.3647579073898747,NS
ZWE,2015,-0.42605137845025975,-0.4248956429774247,NS
AGO,2016,-0.26146646331998397,-0.13852305743905685,NS
BDI,2016,1.4819193394642374,0.05007231363183795,NS
BEN,2016,-0.49265227793300553,-0.20849471059989957,NS
BFA,2016,-0.4529025909647289,-0.27701307036635475,NS
BWA,2016,-0.49265227793300553,-0.48760613772774286,NS
CAF,2016,3.0234482379411736,0.6176853746099,NS
CIV,2016,-0.46304154484480903,-0.2963141813513383,NS
CMR,2016,0.8442765682597173,0.34336217505495903,NS
COD,2016,0.3733444117785988,0.5027288057908033,NS
COG,2016,0.05786791433118482,0.6973900953453,NS
DJI,2016,-0.49265227793300553,-0.1809895401623878,NS
ERI,2016,-0.37097353742161326,0.28446202875144033,NS
ETH,2016,0.008994457096837645,1.0406086165703454,HH
GAB,2016,-0.49265227793300553,0.13649740155263215,NS
GHA,2016,-0.49265227793300553,-0.46953213791418114,NS
GIN,2016,-0.49265227793300553,-0.3307270230949629,NS
GMB,2016,-0.49265227793300553,-0.49265227793300553,NS
GNB,2016,-0.49265227793300553,-0.49265227793300553,NS
GNQ,2016,-0.49265227793300553,0.1758121451633559,NS
KEN,2016,-0.12552498380484206,0.9878616325672175,LH
LBR,2016,-0.49265227793300553,-0.4827820335702734,NS
LSO,2016,-0.49265227793300553,-0.47246771711195473,NS
MDG,2016,-0.49265227793300553,0,NS
MLI,2016,0.449288518007054,-0.42737825519498523,NS
MOZ,2016,-0.07774008505946593,-0.4892881844628304,NS
MRT,2016,-0.49265227793300553,-0.02168187996297577,NS
MWI,2016,-0.49265227793300553,-0.35434821364182567,NS
NAM,2016,-0.49265227793300553,-0.4423782028461911,NS
NER,2016,-0.1703685615613569,-0.10642097939345471,NS
NGA,2016,0.281944588059493,-0.03413185134268284,NS
RWA,2016,0.2695248070499206,0.22245471637276043,NS
SDN,2016,1.337043907090489,0.7510097207631616,NS
SEN,2016,-0.49265227793300553,-0.30426411874499365,NS
SLE,2016,-0.49265227793300553,-0.49265227793300553,NS
SOM,2016,4.484396011155548,-0.05826526335400221,NS
SSD,2016,1.4113625803354966,0.6907522370472448,NS
SWZ,2016,-0.49265227793300553,-0.2751039010857103,NS
TCD,2016,-0.3177831341360862,1.0632689479579032,LH
TGO,2016,-0.49265227793300553,-0.47940238227691334,NS
TZA,2016,-0.49265227793300553,0.05792829071795611,NS
UGA,2016,-0.4727926078187889,0.28721090748523365,NS
ZAF,2016,-0.47246771711195473,-0.42350024578741563,NS
ZMB,2016,-0.49265227793300553,-0.3036404407832349,NS
ZWE,2016,-0.49265227793300553,-0.4056329271940875,NS
AGO,2017,-0.20409450184698374,-0.04907210204864337,NS
BDI,2017,0.5255426415460164,0.09822216831113167,NS
BEN,2017,-0.4352421203913637,-0.11377219210337486,NS
BFA,2017,-0.05013364166523564,-0.1491327910095255,NS
BWA,2017,-0.4352421203913637,-0.4352421203913637,NS
CAF,2017,4.794807916273541,0.5202279289269144,HH
CIV,2017,-0.4352421203913637,-0.058457463525230485,NS
CMR,2017,0.9334702250418937,0.5967729184981134,NS
COD,2017,0.9443692495512155,0.5763601543458207,NS
COG,2017,-0.27017341696306163,1.2066621537256608,LH
DJI,2017,-0.4352421203913637,-0.37970751453911367,NS
ERI,2017,-0.4352421203913637,-0.25944538422686175,NS
ETH,2017,-0.3241729086868637,0.6537302263794651,NS
GAB,2017,-0.4352421203913637,0.07601822922915616,NS
GHA,2017,-0.4352421203913637,-0.3068726274826543,NS
GIN,2017,-0.4352421203913637,-0.18543965279060734,NS
GMB,2017,-0.4352421203913637,-0.4352421203913637,NS
GNB,2017,-0.4352421203913637,-0.4352421203913637,NS
GNQ,2017,-0.4352421203913637,0.249114052325265,NS
KEN,2017,0.16026031831667856,0.6939648344456086,NS
LBR,2017,-0.4352421203913637,-0.4352421203913636,NS
LSO,2017,-0.4352421203913637,-0.4352421203913637,NS
MDG,2017,-0.42396696300147274,0,NS
MLI,2017,1.0635726852131742,-0.3347505121559271,NS
MOZ,2017,-0.4031819583498322,-0.43433670167972116,NS
MRT,2017,-0.4352421203913637,0.31416528241090524,NS
MWI,2017,-0.4352421203913637,-0.42274456228756835,NS
NAM,2017,-0.4352421203913637,-0.38901259668248767,NS
NER,2017,-0.21740094970487264,0.10093683512350066,NS
NGA,2017,0.24768794334797253,-0.010093383985346704,NS
RWA,2017,-0.21989313649631118,0.15309564191673516,NS
SDN,2017,-0.018921123602358102,1.1136031053458222,LH
SEN,2017,-0.4352421203913637,-0.1354791592704561,NS
SLE,2017,-0.4352421203913637,-0.4352421203913637,NS
SOM,2017,2.7977030739243567,-0.08195629518509258,NS
SSD,2017,1.8538233304208411,0.8547706227572386,HH
SWZ,2017,-0.4352421203913637,-0.4192120393705979,NS
TCD,2017,-0.32120069088704417,1.1479288022712355,LH
TGO,2017,-0.4352421203913637,-0.3068726274826543,NS
TZA,2017,-0.4298096081215092,-0.036388355190467764,NS
UGA,2017,-0.42771971530878183,0.46175003073418297,NS
ZAF,2017,-0.4352421203913637,-0.4298987600511084,NS
ZMB,2017,-0.4352421203913637,-0.22921066254157055,NS
ZWE,2017,-0.4352421203913637,-0.4288300879830574,NS
AGO,2018,-0.43051715389929857,-0.17193124765795131,NS
BDI,2018,0.7636117637235577,-0.03245775992760322,NS
BEN,2018,-0.48859860015231354,-0.01845407001791559,NS
BFA,2018,0.3559958927023851,-0.04290271020075967,NS
BWA,2018,-0.48859860015231354,-0.47459000413202934,NS
CAF,2018,2.664704835057467,0.6996401223529026,HH
CIV,2018,-0.48859860015231354,0.14984508699323534,NS
CMR,2018,1.661734360587696,0.19171252130670538,NS
COD,2018,0.7780708098251353,0.3385421221997664,NS
COG,2018,-0.48859860015231354,0.8370788502837373,NS
DJI,2018,-0.48859860015231354,-0.4053882880025643,NS
ERI,2018,-0.48859860015231354,-0.22343762350951574,NS
ETH,2018,-0.3221779758528151,0.9020963404969129,LH
GAB,2018,-0.48859860015231354,0.22817905342768963,NS
GHA,2018,-0.48859860015231354,-0.20706710253408067,NS
GIN,2018,-0.48859860015231354,-0.0941348173855106,NS
GMB,2018,-0.48859860015231354,-0.4694398464245415,NS
GNB,2018,-0.48859860015231354,-0.4790192232884275,NS
GNQ,2018,-0.48859860015231354,0.5865678802176912,NS
KEN,2018,-0.09473804388459964,1.012935286092523,LH
LBR,2018,-0.48859860015231354,-0.48859860015231354,NS
LSO,2018,-0.48859860015231354,-0.4729836956404965,NS
MDG,2018,-0.48859860015231354,0,NS
MLI,2018,1.8590253427207322,-0.2902144929158555,NS
MOZ,2018,-0.020409001461591678,-0.47837279017549256,NS
MRT,2018,-0.48859860015231354,0.6947927481480953,NS
MWI,2018,-0.48859860015231354,-0.3307619086621433,NS
NAM,2018,-0.48859860015231354,-0.46577543408548316,NS
NER,2018,-0.16204720331603592,0.335557745702102,NS
NGA,2018,0.220833630694302,0.18540525491618765,NS
RWA,2018,-0.3921659652354204,0.14612184954250007,NS
SDN,2018,0.14046370547658138,0.792019743486531,NS
SEN,2018,-0.4694398464245415,-0.019073811577704394,NS
SLE,2018,-0.48859860015231354,-0.48859860015231354,NS
SOM,2018,3.9684115858592106,-0.20845800986870738,NS
SSD,2018,2.3756379958349125,0.44873437993593346,NS
SWZ,2018,-0.48859860015231354,-0.2466963485510441,NS
TCD,2018,-0.26946753745459606,0.9051378657000021,LH
TGO,2018,-0.48859860015231354,-0.20706710253408067,NS
TZA,2018,-0.48327812437252465,-0.052093086042964226,NS
UGA,2018,-0.47391705100616804,0.4367053344335007,NS
ZAF,2018,-0.4729836956404965,-0.4038304204423066,NS
ZMB,2018,-0.48859860015231354,-0.2587635488685267,NS
ZWE,2018,-0.44817912058299364,-0.39183769951180575,NS
AGO,2019,-0.45492700777699874,-0.20150879085394252,NS
BDI,2019,0.6458627859758244,-0.10388107004392469,NS
BEN,2019,-0.5444700202076758,0.5044574196975151,NS
BFA,2019,1.9558896458647088,-0.013353667252893789,NS
BWA,2019,-0.5718623092031014,-0.5184213338559427,NS
CAF,2019,2.334513807155258,0.546809801728303,NS
CIV,2019,-0.5718623092031014,0.4182756630745462,NS
CMR,2019,1.8052515210582392,0.138493800348506,NS
COD,2019,0.7870961968403342,0.11506972979834648,NS
COG,2019,-0.4494067418499014,0.7800144416147463,NS
DJI,2019,-0.5718623092031014,-0.47911034396022356,NS
ERI,2019,-0.5718623092031014,-0.2954025024733039,NS
ETH,2019,-0.3863583787173457,0.6401748725053943,NS
GAB,2019,-0.5718623092031014,0.2613274900017454,NS
GHA,2019,-0.5718623092031014,0.28442557995017725,NS
GIN,2019,-0.5451139732625613,-0.1724973808064536,NS
GMB,2019,-0.5718623092031014,-0.5718623092031014,NS
GNB,2019,-0.5718623092031014,-0.5584881412328313,NS
GNQ,2019,-0.5718623092031014,0.6166946059275689,NS
KEN,2019,-0.23955365492812225,0.7312340622527005,NS
LBR,2019,-0.5031514355263939,-0.5629461972229214,NS
LSO,2019,-0.5718623092031014,-0.5367982183997061,NS
MDG,2019,-0.5348522765223696,0,NS
MLI,2019,1.7556163875000783,0.02597797567285544,NS
MOZ,2019,0.6428642710469026,-0.4011380197180916,NS
MRT,2019,-0.494390044566325,0.5918770391484884,NS
MWI,2019,-0.5718623092031014,-0.16105401098000335,NS
NAM,2019,-0.5718623092031014,-0.5057224686401539,NS
NER,2019,0.3832068444075132,0.6513232736697989,NS
NGA,2019,0.20948378532891382,0.38102122878026135,NS
RWA,2019,-0.544575412188297,0.08079333623271259,NS
SDN,2019,0.07201318050053544,0.48843955461108446,NS
SEN,2019,-0.5718623092031014,-0.08552244974700215,NS
SLE,2019,-0.5718623092031014,-0.5241327043944776,NS
SOM,2019,3.9665062439085137,-0.312956016822734,NS
SSD,2019,1.1858080839576421,0.3353482512915271,NS
SWZ,2019,0.22102121189903218,0.05303302632359824,NS
TCD,2019,-0.11990343013703113,0.9608938276900919,LH
TGO,2019,-0.5307505968110755,0.27985243881797717,NS
TZA,2019,-0.5541639947838112,-0.05095650934513225,NS
UGA,2019,-0.5556216431014969,0.1269222437795492,NS
ZAF,2019,-0.5367982183997061,-0.20747732388020523,NS
ZMB,2019,-0.5718623092031014,-0.2109849951125924,NS
ZWE,2019,-0.39316249861786173,-0.3219041749924216,NS
AGO,2020,-0.34360765074190214,-0.04129436820678334,NS
BDI,2020,1.0934891476070288,0.15979101330220874,NS
BEN,2020,-0.5813061685941535,0.34715986803782994,NS
BFA,2020,1.4161864618078692,-0.02229345115504297,NS
BWA,2020,-0.6082538381388499,-0.5766917907749438,NS
CAF,2020,2.0385162657895624,0.614755876533778,NS
CIV,2020,-0.5960476880407479,0.356335985890596,NS
CMR,2020,1.834946956377876,0.07686177590467927,NS
COD,2020,1.5986538758675102,0.1037863916762205,NS
COG,2020,-0.5473236724169437,0.9040511218308394,LH
DJI,2020,-0.6082538381388499,-0.25504691525228235,NS
ERI,2020,-0.6082538381388499,-0.20847292596879596,NS
ETH,2020,0.09816000763428523,0.5311089504331387,NS
GAB,2020,-0.6082538381388499,0.22645648194069407,NS
GHA,2020,-0.6082538381388499,0.07062831187609048,NS
GIN,2020,-0.5298056493653311,-0.1493766973546165,NS
GMB,2020,-0.6082538381388499,-0.587257774958543,NS
GNB,2020,-0.6082538381388499,-0.5585317121619371,NS
GNQ,2020,-0.6082538381388499,0.6133465591195131,NS
KEN,2020,-0.19345995467763158,0.7381650905258776,NS
LBR,2020,-0.4735356609946825,-0.578035725181643,NS
LSO,2020,-0.6082538381388499,-0.504703217110377,NS
MDG,2020,-0.596063725408165,0,NS
MLI,2020,1.9770886161439742,-0.09102198078627996,NS
MOZ,2020,1.2509814375400303,-0.47966015455875544,NS
MRT,2020,-0.5322194439992961,0.6949154205927156,NS
MWI,2020,-0.6082538381388499,0.04390020052638216,NS
NAM,2020,-0.6082538381388499,-0.5300749627683355,NS
NER,2020,0.2830122098383692,0.5996909295381693,NS
NGA,2020,0.29769463864393125,0.35636102432782935,NS
RWA,2020,-0.6082538381388499,0.39321554687841376,NS
SDN,2020,-0.11532494740182318,0.48920109641220927,NS
SEN,2020,-0.587257774958543,-0.06028883069967056,NS
SLE,2020,-0.6082538381388499,-0.5016706551800068,NS
SOM,2020,3.683154333869164,-0.047649973521673175,NS
SSD,2020,1.0287919470868228,0.4697152348455088,NS
SWZ,2020,-0.06016676643072387,0.37313911021482665,NS
TCD,2020,-0.11120890031077446,0.8677690246495832,LH
TGO,2020,-0.6082538381388499,0.07554215169162198,NS
TZA,2020,-0.511026997822034,0.16458114422269232,NS
UGA,2020,-0.6082538381388499,0.26294100646316354,NS
ZAF,2020,-0.504703217110377,-0.20325051883649023,NS
ZMB,2020,-0.6082538381388499,-0.05191463991058043,NS
ZWE,2020,-0.5855562697116983,-0.21569665879737931,NS
AGO,2021,-0.545134084217857,-0.1375105605499068,NS
BDI,2021,0.38672918672759476,0.03689816725653408,NS
BEN,2021,-0.4496420720404152,0.24486902117074028,NS
BFA,2021,1.2719750266152818,-0.0889760557004984,NS
BWA,2021,-0.5792424636220401,-0.564935205430908,NS
CAF,2021,3.7176584225506817,0.3756813513562819,NS
CIV,2021,-0.5792424636220401,0.19400203423467716,NS
CMR,2021,1.5218589749859739,0.2761007097020721,NS
COD,2021,1.1876851486664932,0.16163528177276362,NS
COG,2021,-0.5792424636220401,1.0605651996726504,LH
DJI,2021,-0.5792424636220401,0.11459984245767729,NS
ERI,2021,-0.5792424636220401,0.03000551394610234,NS
ETH,2021,0.8084421485373947,0.3269866441546654,NS
GAB,2021,-0.5792424636220401,0.12112468258063114,NS
GHA,2021,-0.5792424636220401,0.03783003312373384,NS
GIN,2021,-0.5577196652758496,-0.23523521449472493,NS
GMB,2021,-0.5792424636220401,-0.5450447836036622,NS
GNB,2021,-0.5792424636220401,-0.5513822244397559,NS
GNQ,2021,-0.5792424636220401,0.4713082556819669,NS
KEN,2021,-0.2930208917459381,0.6632906228728326,NS
LBR,2021,-0.5792424636220401,-0.5599469928248302,NS
LSO,2021,-0.5792424636220401,-0.5220134308575117,NS
MDG,2021,-0.5792424636220401,0,NS
MLI,2021,1.4142397370780337,-0.1250001596471331,NS
MOZ,2021,1.0631068549528402,-0.24361690544561265,NS
MRT,2021,-0.5792424636220401,0.4345974767371858,NS
MWI,2021,-0.5792424636220401,-0.019302186717422704,NS
NAM,2021,-0.5792424636220401,-0.5609749811882978,NS
NER,2021,0.23927339162551162,0.3826491836361544,NS
NGA,2021,0.04747013006420777,0.2351733477586836,NS
RWA,2021,-0.5352196954138227,0.1324541185564492,NS
SDN,2021,-0.13918314307704752,0.8419655397300698,NS
SEN,2021,-0.5450447836036622,-0.17624146381278724,NS
SLE,2021,-0.5428788495766007,-0.5684810644489449,NS
SOM,2021,2.9188423322744104,0.25771062839572834,NS
SSD,2021,0.6337664947206482,0.7964591292077265,NS
SWZ,2021,1.3398103405330244,0.27054671204766423,NS
TCD,2021,-0.37079690353633615,1.0774155552298657,LH
TGO,2021,-0.5792424636220401,0.08103016365094218,NS
TZA,2021,-0.5417709514830682,0.018496095782233032,NS
UGA,2021,-0.502826909685223,0.09028802094886249,NS
ZAF,2021,-0.5220134308575117,0.014324556832950669,NS
ZMB,2021,-0.5792424636220401,-0.14413536082121906,NS
ZWE,2021,-0.5792424636220401,-0.2393267933541584,NS
AGO,2022,-0.44627332962137034,0.04332251977653401,NS
BDI,2022,0.2706227445831027,0.24892830060737237,NS
BEN,2022,-0.415034528284758,0.390619183153077,NS
BFA,2022,1.6738239276889684,0.15752786701603183,NS
BWA,2022,-0.5931577849102603,-0.588121155760643,NS
CAF,2022,2.931501717017764,0.42767673150859875,NS
CIV,2022,-0.5931577849102603,0.5125282283886028,NS
CMR,2022,1.2843016333069652,0.14510067278171596,NS
COD,2022,1.8500068749579726,0.03241282619077511,NS
COG,2022,-0.4904012260313161,1.0052758221502145,LH
DJI,2022,-0.5931577849102603,0.4188584456494637,NS
ERI,2022,-0.2435127188436,0.17624923375482107,NS
ETH,2022,1.0812296101425274,0.30387678788844613,NS
GAB,2022,-0.5931577849102603,0.0669142074551296,NS
GHA,2022,-0.5459725962835494,0.25112343587472663,NS
GIN,2022,-0.5931577849102603,-0.05744725736553097,NS
GMB,2022,-0.5931577849102603,-0.5931577849102603,NS
GNB,2022,-0.5931577849102603,-0.5931577849102603,NS
GNQ,2022,-0.5931577849102603,0.3455719241983525,NS
KEN,2022,-0.4180186943291922,0.5972969810370391,NS
LBR,2022,-0.5931577849102603,-0.5931577849102603,NS
LSO,2022,-0.5931577849102603,-0.5730112683117914,NS
MDG,2022,-0.5931577849102603,0,NS
MLI,2022,2.6211053803581157,-0.08221410759681685,NS
MOZ,2022,1.295434088866537,-0.507560143487605,NS
MRT,2022,-0.5931577849102603,1.0139737977239278,NS
MWI,2022,-0.5931577849102603,0.041232150256868216,NS
NAM,2022,-0.5931577849102603,-0.5597515905327886,NS
NER,2022,0.2055225663711714,0.6991427790573389,NS
NGA,2022,0.010426073706696412,0.17004567830276263,NS
RWA,2022,-0.5246421199501832,0.24715271630055272,NS
SDN,2022,0.040675876032196016,0.7301391678204934,NS
SEN,2022,-0.5931577849102603,0.04969484814341492,NS
SLE,2022,-0.5931577849102603,-0.5931577849102603,NS
SOM,2022,2.7611898604134297,0.3316054579066676,NS
SSD,2022,0.2760841889681034,0.821992747111346,HH
SWZ,2022,-0.11429638469738612,0.3612114102773728,NS
TCD,2022,-0.39460695818232816,0.8944855732869587,LH
TGO,2022,-0.32729583515452837,0.23760560104022033,NS
TZA,2022,-0.5785798531856721,0.09170605289431558,NS
UGA,2022,-0.5534389011531925,0.1209700792922057,NS
ZAF,2022,-0.5730112683117914,-0.198582239245315,NS
ZMB,2022,-0.5931577849102603,-0.031505419827946746,NS
ZWE,2022,-0.5931577849102603,-0.2114101068352071,NS
AGO,2023,-0.5743231033552856,-0.1237156423397602,NS
BDI,2023,0.21355416814624717,0.029365008455762343,NS
BEN,2023,-0.1617907259719667,1.0329056343110268,LH
BFA,2023,3.488451651056156,0.22294021605420863,NS
BWA,2023,-0.5829575947263278,-0.5766989675892488,NS
CAF,2023,2.53653031498064,0.4694950778008828,NS
CIV,2023,-0.5829575947263278,0.7900026460353622,NS
CMR,2023,1.6765159586040406,0.09481935762214998,NS
COD,2023,1.2540102148199426,-0.10880646615217655,NS
COG,2023,-0.5829575947263278,0.8619551580646021,NS
DJI,2023,-0.5829575947263278,0.007264918663917486,NS
ERI,2023,-0.5829575947263278,0.4028590343317445,NS
ETH,2023,0.5974874320541628,0.26079390735321184,NS
GAB,2023,-0.5829575947263278,0.170200256383795,NS
GHA,2023,-0.4994274133963313,0.9804036174730633,NS
GIN,2023,-0.5829575947263278,-0.13131396527699962,NS
GMB,2023,-0.5829575947263278,-0.5829575947263278,NS
GNB,2023,-0.5829575947263278,-0.5829575947263278,NS
GNQ,2023,-0.5829575947263278,0.5467791819388563,NS
KEN,2023,-0.2714527712025857,0.263414146990471,NS
LBR,2023,-0.5829575947263278,-0.5829575947263277,NS
LSO,2023,-0.5829575947263278,-0.5579230861780117,NS
MDG,2023,-0.5829575947263278,0,NS
MLI,2023,2.126904181969641,0.2833157268572907,NS
MOZ,2023,0.24411351847807689,-0.4990288974023769,NS
MRT,2023,-0.45888055809430256,0.7719732936216566,NS
MWI,2023,-0.5829575947263278,-0.30726722365819287,NS
NAM,2023,-0.5829575947263278,-0.5762237947424561,NS
NER,2023,0.4191960523608746,1.0469647443970147,HH
NGA,2023,0.18825803773771438,0.3817304655466193,NS
RWA,2023,-0.5829575947263278,0.0947658866893171,NS
SDN,2023,1.1940472656673986,0.3652829549497436,NS
SEN,2023,-0.5829575947263278,-0.016169832060729028,NS
SLE,2023,-0.5829575947263278,-0.5829575947263278,NS
SOM,2023,2.1257300938604,0.16301733042578853,NS
SSD,2023,-0.31764595475328594,0.8008465358061607,NS
SWZ,2023,-0.10441991933093862,-0.1569047838499674,NS
TCD,2023,-0.4069994228064713,1.2029095258701337,LH
TGO,2023,0.035716796089362145,0.9424111705626192,NS
TZA,2023,-0.5829575947263278,-0.10177386192748701,NS
UGA,2023,-0.5055432414825936,-0.10020074011771697,NS
ZAF,2023,-0.5579230861780117,-0.36535612995969546,NS
ZMB,2023,-0.5829575947263278,-0.24887341796111312,NS
ZWE,2023,-0.5829575947263278,-0.41253647037578367,NS
AGO,2024,-0.5135754729284485,-0.14823132063301733,NS
BDI,2024,0.401828932077194,0.026329383482650653,NS
BEN,2024,0.011528092718354593,0.6100287939369661,NS
BFA,2024,2.1955921796444735,0.32072226407412074,NS
BWA,2024,-0.6008794701323615,-0.5982658386595539,NS
CAF,2024,2.7594925943199198,0.6017041809769903,HH
CIV,2024,-0.6008794701323615,0.6723411246659677,NS
CMR,2024,1.1029158586609296,0.12833037384255666,NS
COD,2024,1.2097131278650153,-0.05370477188125615,NS
COG,2024,-0.6008794701323615,0.7915333275570109,NS
DJI,2024,-0.6008794701323615,0.24402432238299893,NS
ERI,2024,-0.6008794701323615,0.9391158938912884,NS
ETH,2024,1.0889281148983594,0.3454628211380119,NS
GAB,2024,-0.6008794701323615,-0.03294769386793117,NS
GHA,2024,-0.5718049748422632,0.4947922725811927,NS
GIN,2024,-0.6008794701323615,-0.010786665311576016,NS
GMB,2024,-0.48161197701538205,-0.6008794701323615,NS
GNB,2024,-0.6008794701323615,-0.6008794701323615,NS
GNQ,2024,-0.6008794701323615,0.251018194264284,NS
KEN,2024,-0.42730995545794387,0.2581518816791476,NS
LBR,2024,-0.5417015803855149,-0.6008794701323615,NS
LSO,2024,-0.6008794701323615,-0.5904249442411309,NS
MDG,2024,-0.6008794701323615,0,NS
MLI,2024,2.880499469045505,0.028601065925805746,NS
MOZ,2024,0.83338144381242385,-0.5950787053869996,NS
MRT,2024,-0.5366737331165776,1.1398099994565718,NS
MWI,2024,-0.6008794701323615,-0.11467581129045268,NS
NAM,2024,-0.6008794701323615,-0.5813277655133329,NS
NER,2024,0.31532635942402326,0.9801495601081677,HH
NGA,2024,0.03953252844790114,0.3008414603719778,NS
RWA,2024,-0.554195569865643,0.11020664194917917,NS
SDN,2024,2.329299036907867,0.5633435543292818,NS
SEN,2024,-0.6008794701323615,0.13209096372976437,NS
SLE,2024,-0.6008794701323615,-0.5712905252589382,NS
SOM,2024,1.5769657837669833,0.3308090797202078,NS
SSD,2024,-0.2044189981241121,1.060989472323191,LH
SWZ,2024,-0.6008794701323615,0.12147824978564647,NS
TCD,2024,-0.22640446931539615,1.3093132755521282,LH
TGO,2024,-0.11033589176853387,0.5451050991735217,NS
TZA,2024,-0.5765294075514203,-0.041565880803468624,NS
UGA,2024,-0.5941860845940723,-0.11054816062682082,NS
ZAF,2024,-0.5904249442411309,-0.36183598447489734,NS
ZMB,2024,-0.6008794701323615,-0.1813160236664845,NS
ZWE,2024,-0.6008794701323615,-0.31193638216515834,NS
